onnx/cartpole.onnx,vnnlib/cartpole_case_unsafe_0.vnnlib,11
onnx/cartpole.onnx,vnnlib/cartpole_case_unsafe_1.vnnlib,3
onnx/cartpole.onnx,vnnlib/cartpole_case_unsafe_2.vnnlib,5
onnx/cartpole.onnx,vnnlib/cartpole_case_unsafe_3.vnnlib,8
onnx/cartpole.onnx,vnnlib/cartpole_case_unsafe_4.vnnlib,1
onnx/cartpole.onnx,vnnlib/cartpole_case_unsafe_5.vnnlib,5
onnx/cartpole.onnx,vnnlib/cartpole_case_unsafe_6.vnnlib,1
onnx/cartpole.onnx,vnnlib/cartpole_case_unsafe_7.vnnlib,7
onnx/cartpole.onnx,vnnlib/cartpole_case_unsafe_8.vnnlib,9
onnx/cartpole.onnx,vnnlib/cartpole_case_safe_9.vnnlib,1
onnx/cartpole.onnx,vnnlib/cartpole_case_unsafe_10.vnnlib,5
onnx/cartpole.onnx,vnnlib/cartpole_case_unsafe_11.vnnlib,4
onnx/cartpole.onnx,vnnlib/cartpole_case_unsafe_12.vnnlib,4
onnx/cartpole.onnx,vnnlib/cartpole_case_unsafe_13.vnnlib,3
onnx/cartpole.onnx,vnnlib/cartpole_case_safe_14.vnnlib,5
onnx/cartpole.onnx,vnnlib/cartpole_case_unsafe_15.vnnlib,3
onnx/cartpole.onnx,vnnlib/cartpole_case_unsafe_16.vnnlib,4
onnx/cartpole.onnx,vnnlib/cartpole_case_unsafe_17.vnnlib,1
onnx/cartpole.onnx,vnnlib/cartpole_case_unsafe_18.vnnlib,5
onnx/cartpole.onnx,vnnlib/cartpole_case_unsafe_19.vnnlib,2
onnx/cartpole.onnx,vnnlib/cartpole_case_unsafe_20.vnnlib,7
onnx/cartpole.onnx,vnnlib/cartpole_case_unsafe_21.vnnlib,3
onnx/cartpole.onnx,vnnlib/cartpole_case_unsafe_22.vnnlib,6
onnx/cartpole.onnx,vnnlib/cartpole_case_unsafe_23.vnnlib,4
onnx/cartpole.onnx,vnnlib/cartpole_case_unsafe_24.vnnlib,6
onnx/cartpole.onnx,vnnlib/cartpole_case_unsafe_25.vnnlib,5
onnx/cartpole.onnx,vnnlib/cartpole_case_unsafe_26.vnnlib,7
onnx/cartpole.onnx,vnnlib/cartpole_case_safe_27.vnnlib,5
onnx/cartpole.onnx,vnnlib/cartpole_case_unsafe_28.vnnlib,3
onnx/cartpole.onnx,vnnlib/cartpole_case_unsafe_29.vnnlib,4
onnx/cartpole.onnx,vnnlib/cartpole_case_unsafe_30.vnnlib,5
onnx/cartpole.onnx,vnnlib/cartpole_case_unsafe_31.vnnlib,6
onnx/cartpole.onnx,vnnlib/cartpole_case_unsafe_32.vnnlib,4
onnx/cartpole.onnx,vnnlib/cartpole_case_unsafe_33.vnnlib,6
onnx/cartpole.onnx,vnnlib/cartpole_case_unsafe_34.vnnlib,4
onnx/cartpole.onnx,vnnlib/cartpole_case_unsafe_35.vnnlib,1
onnx/cartpole.onnx,vnnlib/cartpole_case_unsafe_36.vnnlib,6
onnx/cartpole.onnx,vnnlib/cartpole_case_unsafe_37.vnnlib,5
onnx/cartpole.onnx,vnnlib/cartpole_case_unsafe_38.vnnlib,2
onnx/cartpole.onnx,vnnlib/cartpole_case_safe_39.vnnlib,7
onnx/cartpole.onnx,vnnlib/cartpole_case_unsafe_40.vnnlib,4
onnx/cartpole.onnx,vnnlib/cartpole_case_unsafe_41.vnnlib,2
onnx/cartpole.onnx,vnnlib/cartpole_case_unsafe_42.vnnlib,5
onnx/cartpole.onnx,vnnlib/cartpole_case_unsafe_43.vnnlib,3
onnx/cartpole.onnx,vnnlib/cartpole_case_unsafe_44.vnnlib,3
onnx/cartpole.onnx,vnnlib/cartpole_case_safe_45.vnnlib,1
onnx/cartpole.onnx,vnnlib/cartpole_case_safe_46.vnnlib,1
onnx/cartpole.onnx,vnnlib/cartpole_case_safe_47.vnnlib,1
onnx/cartpole.onnx,vnnlib/cartpole_case_safe_48.vnnlib,1
onnx/cartpole.onnx,vnnlib/cartpole_case_safe_49.vnnlib,1
onnx/cartpole.onnx,vnnlib/cartpole_case_safe_50.vnnlib,1
onnx/cartpole.onnx,vnnlib/cartpole_case_safe_51.vnnlib,1
onnx/cartpole.onnx,vnnlib/cartpole_case_safe_52.vnnlib,1
onnx/cartpole.onnx,vnnlib/cartpole_case_safe_53.vnnlib,1
onnx/cartpole.onnx,vnnlib/cartpole_case_safe_54.vnnlib,1
onnx/cartpole.onnx,vnnlib/cartpole_case_safe_55.vnnlib,1
onnx/cartpole.onnx,vnnlib/cartpole_case_safe_56.vnnlib,1
onnx/cartpole.onnx,vnnlib/cartpole_case_safe_57.vnnlib,1
onnx/cartpole.onnx,vnnlib/cartpole_case_safe_58.vnnlib,1
onnx/cartpole.onnx,vnnlib/cartpole_case_safe_59.vnnlib,1
onnx/cartpole.onnx,vnnlib/cartpole_case_safe_60.vnnlib,1
onnx/cartpole.onnx,vnnlib/cartpole_case_safe_61.vnnlib,1
onnx/cartpole.onnx,vnnlib/cartpole_case_safe_62.vnnlib,1
onnx/cartpole.onnx,vnnlib/cartpole_case_safe_63.vnnlib,1
onnx/cartpole.onnx,vnnlib/cartpole_case_safe_64.vnnlib,1
onnx/cartpole.onnx,vnnlib/cartpole_case_safe_65.vnnlib,1
onnx/cartpole.onnx,vnnlib/cartpole_case_safe_66.vnnlib,1
onnx/cartpole.onnx,vnnlib/cartpole_case_safe_67.vnnlib,1
onnx/cartpole.onnx,vnnlib/cartpole_case_safe_68.vnnlib,1
onnx/cartpole.onnx,vnnlib/cartpole_case_safe_69.vnnlib,1
onnx/cartpole.onnx,vnnlib/cartpole_case_safe_70.vnnlib,1
onnx/cartpole.onnx,vnnlib/cartpole_case_safe_71.vnnlib,1
onnx/cartpole.onnx,vnnlib/cartpole_case_safe_72.vnnlib,1
onnx/cartpole.onnx,vnnlib/cartpole_case_safe_73.vnnlib,1
onnx/cartpole.onnx,vnnlib/cartpole_case_safe_74.vnnlib,1
onnx/cartpole.onnx,vnnlib/cartpole_case_safe_75.vnnlib,1
onnx/cartpole.onnx,vnnlib/cartpole_case_safe_76.vnnlib,1
onnx/cartpole.onnx,vnnlib/cartpole_case_safe_77.vnnlib,1
onnx/cartpole.onnx,vnnlib/cartpole_case_safe_78.vnnlib,1
onnx/cartpole.onnx,vnnlib/cartpole_case_safe_79.vnnlib,1
onnx/cartpole.onnx,vnnlib/cartpole_case_safe_80.vnnlib,1
onnx/cartpole.onnx,vnnlib/cartpole_case_safe_81.vnnlib,1
onnx/cartpole.onnx,vnnlib/cartpole_case_safe_82.vnnlib,1
onnx/cartpole.onnx,vnnlib/cartpole_case_safe_83.vnnlib,1
onnx/cartpole.onnx,vnnlib/cartpole_case_safe_84.vnnlib,1
onnx/cartpole.onnx,vnnlib/cartpole_case_safe_85.vnnlib,1
onnx/cartpole.onnx,vnnlib/cartpole_case_safe_86.vnnlib,1
onnx/cartpole.onnx,vnnlib/cartpole_case_safe_87.vnnlib,1
onnx/cartpole.onnx,vnnlib/cartpole_case_safe_88.vnnlib,1
onnx/cartpole.onnx,vnnlib/cartpole_case_safe_89.vnnlib,1
onnx/cartpole.onnx,vnnlib/cartpole_case_safe_90.vnnlib,1
onnx/cartpole.onnx,vnnlib/cartpole_case_safe_91.vnnlib,1
onnx/cartpole.onnx,vnnlib/cartpole_case_safe_92.vnnlib,1
onnx/cartpole.onnx,vnnlib/cartpole_case_safe_93.vnnlib,1
onnx/cartpole.onnx,vnnlib/cartpole_case_safe_94.vnnlib,1
onnx/cartpole.onnx,vnnlib/cartpole_case_safe_95.vnnlib,1
onnx/cartpole.onnx,vnnlib/cartpole_case_safe_96.vnnlib,1
onnx/cartpole.onnx,vnnlib/cartpole_case_safe_97.vnnlib,1
onnx/cartpole.onnx,vnnlib/cartpole_case_safe_98.vnnlib,1
onnx/cartpole.onnx,vnnlib/cartpole_case_safe_99.vnnlib,1
onnx/lunarlander.onnx,vnnlib/lunarlander_case_safe_0.vnnlib,224
onnx/lunarlander.onnx,vnnlib/lunarlander_case_safe_1.vnnlib,12
onnx/lunarlander.onnx,vnnlib/lunarlander_case_safe_2.vnnlib,69
onnx/lunarlander.onnx,vnnlib/lunarlander_case_unsafe_3.vnnlib,146
onnx/lunarlander.onnx,vnnlib/lunarlander_case_unsafe_4.vnnlib,43
onnx/lunarlander.onnx,vnnlib/lunarlander_case_safe_5.vnnlib,151
onnx/lunarlander.onnx,vnnlib/lunarlander_case_safe_6.vnnlib,41
onnx/lunarlander.onnx,vnnlib/lunarlander_case_safe_7.vnnlib,63
onnx/lunarlander.onnx,vnnlib/lunarlander_case_safe_8.vnnlib,87
onnx/lunarlander.onnx,vnnlib/lunarlander_case_safe_9.vnnlib,63
onnx/lunarlander.onnx,vnnlib/lunarlander_case_safe_10.vnnlib,16
onnx/lunarlander.onnx,vnnlib/lunarlander_case_safe_11.vnnlib,17
onnx/lunarlander.onnx,vnnlib/lunarlander_case_safe_12.vnnlib,43
onnx/lunarlander.onnx,vnnlib/lunarlander_case_safe_13.vnnlib,25
onnx/lunarlander.onnx,vnnlib/lunarlander_case_safe_14.vnnlib,20
onnx/lunarlander.onnx,vnnlib/lunarlander_case_safe_15.vnnlib,39
onnx/lunarlander.onnx,vnnlib/lunarlander_case_unsafe_16.vnnlib,56
onnx/lunarlander.onnx,vnnlib/lunarlander_case_safe_17.vnnlib,35
onnx/lunarlander.onnx,vnnlib/lunarlander_case_safe_18.vnnlib,5
onnx/lunarlander.onnx,vnnlib/lunarlander_case_safe_19.vnnlib,53
onnx/lunarlander.onnx,vnnlib/lunarlander_case_unsafe_20.vnnlib,50
onnx/lunarlander.onnx,vnnlib/lunarlander_case_safe_21.vnnlib,37
onnx/lunarlander.onnx,vnnlib/lunarlander_case_safe_22.vnnlib,23
onnx/lunarlander.onnx,vnnlib/lunarlander_case_safe_23.vnnlib,15
onnx/lunarlander.onnx,vnnlib/lunarlander_case_safe_24.vnnlib,16
onnx/lunarlander.onnx,vnnlib/lunarlander_case_safe_25.vnnlib,31
onnx/lunarlander.onnx,vnnlib/lunarlander_case_safe_26.vnnlib,26
onnx/lunarlander.onnx,vnnlib/lunarlander_case_safe_27.vnnlib,41
onnx/lunarlander.onnx,vnnlib/lunarlander_case_unsafe_28.vnnlib,3
onnx/lunarlander.onnx,vnnlib/lunarlander_case_safe_29.vnnlib,6
onnx/lunarlander.onnx,vnnlib/lunarlander_case_safe_30.vnnlib,42
onnx/lunarlander.onnx,vnnlib/lunarlander_case_safe_31.vnnlib,13
onnx/lunarlander.onnx,vnnlib/lunarlander_case_safe_32.vnnlib,20
onnx/lunarlander.onnx,vnnlib/lunarlander_case_safe_33.vnnlib,9
onnx/lunarlander.onnx,vnnlib/lunarlander_case_safe_34.vnnlib,34
onnx/lunarlander.onnx,vnnlib/lunarlander_case_unsafe_35.vnnlib,40
onnx/lunarlander.onnx,vnnlib/lunarlander_case_safe_36.vnnlib,42
onnx/lunarlander.onnx,vnnlib/lunarlander_case_safe_37.vnnlib,14
onnx/lunarlander.onnx,vnnlib/lunarlander_case_safe_38.vnnlib,21
onnx/lunarlander.onnx,vnnlib/lunarlander_case_safe_39.vnnlib,28
onnx/lunarlander.onnx,vnnlib/lunarlander_case_safe_40.vnnlib,2
onnx/lunarlander.onnx,vnnlib/lunarlander_case_safe_41.vnnlib,13
onnx/lunarlander.onnx,vnnlib/lunarlander_case_safe_42.vnnlib,19
onnx/lunarlander.onnx,vnnlib/lunarlander_case_safe_43.vnnlib,4
onnx/lunarlander.onnx,vnnlib/lunarlander_case_safe_44.vnnlib,39
onnx/lunarlander.onnx,vnnlib/lunarlander_case_unsafe_45.vnnlib,6
onnx/lunarlander.onnx,vnnlib/lunarlander_case_safe_46.vnnlib,26
onnx/lunarlander.onnx,vnnlib/lunarlander_case_safe_47.vnnlib,23
onnx/lunarlander.onnx,vnnlib/lunarlander_case_safe_48.vnnlib,27
onnx/lunarlander.onnx,vnnlib/lunarlander_case_safe_49.vnnlib,22
onnx/lunarlander.onnx,vnnlib/lunarlander_case_safe_50.vnnlib,11
onnx/lunarlander.onnx,vnnlib/lunarlander_case_unsafe_51.vnnlib,12
onnx/lunarlander.onnx,vnnlib/lunarlander_case_safe_52.vnnlib,18
onnx/lunarlander.onnx,vnnlib/lunarlander_case_safe_53.vnnlib,24
onnx/lunarlander.onnx,vnnlib/lunarlander_case_unsafe_54.vnnlib,15
onnx/lunarlander.onnx,vnnlib/lunarlander_case_safe_55.vnnlib,13
onnx/lunarlander.onnx,vnnlib/lunarlander_case_safe_56.vnnlib,30
onnx/lunarlander.onnx,vnnlib/lunarlander_case_safe_57.vnnlib,12
onnx/lunarlander.onnx,vnnlib/lunarlander_case_safe_58.vnnlib,20
onnx/lunarlander.onnx,vnnlib/lunarlander_case_safe_59.vnnlib,21
onnx/lunarlander.onnx,vnnlib/lunarlander_case_safe_60.vnnlib,2
onnx/lunarlander.onnx,vnnlib/lunarlander_case_unsafe_61.vnnlib,4
onnx/lunarlander.onnx,vnnlib/lunarlander_case_safe_62.vnnlib,4
onnx/lunarlander.onnx,vnnlib/lunarlander_case_safe_63.vnnlib,21
onnx/lunarlander.onnx,vnnlib/lunarlander_case_unsafe_64.vnnlib,24
onnx/lunarlander.onnx,vnnlib/lunarlander_case_unsafe_65.vnnlib,26
onnx/lunarlander.onnx,vnnlib/lunarlander_case_safe_66.vnnlib,15
onnx/lunarlander.onnx,vnnlib/lunarlander_case_unsafe_67.vnnlib,3
onnx/lunarlander.onnx,vnnlib/lunarlander_case_safe_68.vnnlib,6
onnx/lunarlander.onnx,vnnlib/lunarlander_case_unsafe_69.vnnlib,25
onnx/lunarlander.onnx,vnnlib/lunarlander_case_unsafe_70.vnnlib,9
onnx/lunarlander.onnx,vnnlib/lunarlander_case_safe_71.vnnlib,13
onnx/lunarlander.onnx,vnnlib/lunarlander_case_unsafe_72.vnnlib,8
onnx/lunarlander.onnx,vnnlib/lunarlander_case_unsafe_73.vnnlib,4
onnx/lunarlander.onnx,vnnlib/lunarlander_case_safe_74.vnnlib,2
onnx/lunarlander.onnx,vnnlib/lunarlander_case_unsafe_75.vnnlib,19
onnx/lunarlander.onnx,vnnlib/lunarlander_case_unsafe_76.vnnlib,19
onnx/lunarlander.onnx,vnnlib/lunarlander_case_safe_77.vnnlib,15
onnx/lunarlander.onnx,vnnlib/lunarlander_case_unsafe_78.vnnlib,4
onnx/lunarlander.onnx,vnnlib/lunarlander_case_safe_79.vnnlib,4
onnx/lunarlander.onnx,vnnlib/lunarlander_case_safe_80.vnnlib,13
onnx/lunarlander.onnx,vnnlib/lunarlander_case_safe_81.vnnlib,2
onnx/lunarlander.onnx,vnnlib/lunarlander_case_unsafe_82.vnnlib,16
onnx/lunarlander.onnx,vnnlib/lunarlander_case_safe_83.vnnlib,11
onnx/lunarlander.onnx,vnnlib/lunarlander_case_unsafe_84.vnnlib,9
onnx/lunarlander.onnx,vnnlib/lunarlander_case_unsafe_85.vnnlib,7
onnx/lunarlander.onnx,vnnlib/lunarlander_case_safe_86.vnnlib,1
onnx/lunarlander.onnx,vnnlib/lunarlander_case_safe_87.vnnlib,8
onnx/lunarlander.onnx,vnnlib/lunarlander_case_safe_88.vnnlib,2
onnx/lunarlander.onnx,vnnlib/lunarlander_case_safe_89.vnnlib,3
onnx/lunarlander.onnx,vnnlib/lunarlander_case_unsafe_90.vnnlib,5
onnx/lunarlander.onnx,vnnlib/lunarlander_case_unsafe_91.vnnlib,7
onnx/lunarlander.onnx,vnnlib/lunarlander_case_unsafe_92.vnnlib,10
onnx/lunarlander.onnx,vnnlib/lunarlander_case_unsafe_93.vnnlib,1
onnx/lunarlander.onnx,vnnlib/lunarlander_case_unsafe_94.vnnlib,9
onnx/lunarlander.onnx,vnnlib/lunarlander_case_unsafe_95.vnnlib,8
onnx/lunarlander.onnx,vnnlib/lunarlander_case_unsafe_96.vnnlib,12
onnx/lunarlander.onnx,vnnlib/lunarlander_case_unsafe_97.vnnlib,8
onnx/lunarlander.onnx,vnnlib/lunarlander_case_unsafe_98.vnnlib,4
onnx/lunarlander.onnx,vnnlib/lunarlander_case_unsafe_99.vnnlib,5
onnx/dubinsrejoin.onnx,vnnlib/dubinsrejoin_case_safe_0.vnnlib,5625
onnx/dubinsrejoin.onnx,vnnlib/dubinsrejoin_case_safe_1.vnnlib,3558
onnx/dubinsrejoin.onnx,vnnlib/dubinsrejoin_case_unsafe_2.vnnlib,272
onnx/dubinsrejoin.onnx,vnnlib/dubinsrejoin_case_safe_3.vnnlib,1547
onnx/dubinsrejoin.onnx,vnnlib/dubinsrejoin_case_unsafe_4.vnnlib,1342
onnx/dubinsrejoin.onnx,vnnlib/dubinsrejoin_case_unsafe_5.vnnlib,518
onnx/dubinsrejoin.onnx,vnnlib/dubinsrejoin_case_safe_6.vnnlib,1293
onnx/dubinsrejoin.onnx,vnnlib/dubinsrejoin_case_unsafe_7.vnnlib,1032
onnx/dubinsrejoin.onnx,vnnlib/dubinsrejoin_case_unsafe_8.vnnlib,592
onnx/dubinsrejoin.onnx,vnnlib/dubinsrejoin_case_unsafe_9.vnnlib,680
onnx/dubinsrejoin.onnx,vnnlib/dubinsrejoin_case_safe_10.vnnlib,402
onnx/dubinsrejoin.onnx,vnnlib/dubinsrejoin_case_unsafe_11.vnnlib,183
onnx/dubinsrejoin.onnx,vnnlib/dubinsrejoin_case_safe_12.vnnlib,374
onnx/dubinsrejoin.onnx,vnnlib/dubinsrejoin_case_safe_13.vnnlib,42
onnx/dubinsrejoin.onnx,vnnlib/dubinsrejoin_case_safe_14.vnnlib,301
onnx/dubinsrejoin.onnx,vnnlib/dubinsrejoin_case_safe_15.vnnlib,188
onnx/dubinsrejoin.onnx,vnnlib/dubinsrejoin_case_safe_16.vnnlib,254
onnx/dubinsrejoin.onnx,vnnlib/dubinsrejoin_case_safe_17.vnnlib,297
onnx/dubinsrejoin.onnx,vnnlib/dubinsrejoin_case_unsafe_18.vnnlib,139
onnx/dubinsrejoin.onnx,vnnlib/dubinsrejoin_case_unsafe_19.vnnlib,197
onnx/dubinsrejoin.onnx,vnnlib/dubinsrejoin_case_unsafe_20.vnnlib,32
onnx/dubinsrejoin.onnx,vnnlib/dubinsrejoin_case_unsafe_21.vnnlib,149
onnx/dubinsrejoin.onnx,vnnlib/dubinsrejoin_case_unsafe_22.vnnlib,112
onnx/dubinsrejoin.onnx,vnnlib/dubinsrejoin_case_unsafe_23.vnnlib,132
onnx/dubinsrejoin.onnx,vnnlib/dubinsrejoin_case_unsafe_24.vnnlib,51
onnx/dubinsrejoin.onnx,vnnlib/dubinsrejoin_case_unsafe_25.vnnlib,48
onnx/dubinsrejoin.onnx,vnnlib/dubinsrejoin_case_unsafe_26.vnnlib,34
onnx/dubinsrejoin.onnx,vnnlib/dubinsrejoin_case_unsafe_27.vnnlib,79
onnx/dubinsrejoin.onnx,vnnlib/dubinsrejoin_case_unsafe_28.vnnlib,13
onnx/dubinsrejoin.onnx,vnnlib/dubinsrejoin_case_unsafe_29.vnnlib,26
onnx/dubinsrejoin.onnx,vnnlib/dubinsrejoin_case_unsafe_30.vnnlib,15
onnx/dubinsrejoin.onnx,vnnlib/dubinsrejoin_case_unsafe_31.vnnlib,31
onnx/dubinsrejoin.onnx,vnnlib/dubinsrejoin_case_unsafe_32.vnnlib,9
onnx/dubinsrejoin.onnx,vnnlib/dubinsrejoin_case_unsafe_33.vnnlib,3
onnx/dubinsrejoin.onnx,vnnlib/dubinsrejoin_case_unsafe_34.vnnlib,21
onnx/dubinsrejoin.onnx,vnnlib/dubinsrejoin_case_unsafe_35.vnnlib,7
onnx/dubinsrejoin.onnx,vnnlib/dubinsrejoin_case_unsafe_36.vnnlib,15
onnx/dubinsrejoin.onnx,vnnlib/dubinsrejoin_case_unsafe_37.vnnlib,16
onnx/dubinsrejoin.onnx,vnnlib/dubinsrejoin_case_unsafe_38.vnnlib,17
onnx/dubinsrejoin.onnx,vnnlib/dubinsrejoin_case_unsafe_39.vnnlib,19
onnx/dubinsrejoin.onnx,vnnlib/dubinsrejoin_case_unsafe_40.vnnlib,13
onnx/dubinsrejoin.onnx,vnnlib/dubinsrejoin_case_unsafe_41.vnnlib,20
onnx/dubinsrejoin.onnx,vnnlib/dubinsrejoin_case_unsafe_42.vnnlib,13
onnx/dubinsrejoin.onnx,vnnlib/dubinsrejoin_case_unsafe_43.vnnlib,7
onnx/dubinsrejoin.onnx,vnnlib/dubinsrejoin_case_unsafe_44.vnnlib,18
onnx/dubinsrejoin.onnx,vnnlib/dubinsrejoin_case_unsafe_45.vnnlib,16
onnx/dubinsrejoin.onnx,vnnlib/dubinsrejoin_case_unsafe_46.vnnlib,21
onnx/dubinsrejoin.onnx,vnnlib/dubinsrejoin_case_unsafe_47.vnnlib,20
onnx/dubinsrejoin.onnx,vnnlib/dubinsrejoin_case_unsafe_48.vnnlib,10
onnx/dubinsrejoin.onnx,vnnlib/dubinsrejoin_case_unsafe_49.vnnlib,7
onnx/dubinsrejoin.onnx,vnnlib/dubinsrejoin_case_unsafe_50.vnnlib,7
onnx/dubinsrejoin.onnx,vnnlib/dubinsrejoin_case_unsafe_51.vnnlib,1
onnx/dubinsrejoin.onnx,vnnlib/dubinsrejoin_case_unsafe_52.vnnlib,8
onnx/dubinsrejoin.onnx,vnnlib/dubinsrejoin_case_unsafe_53.vnnlib,7
onnx/dubinsrejoin.onnx,vnnlib/dubinsrejoin_case_unsafe_54.vnnlib,11
onnx/dubinsrejoin.onnx,vnnlib/dubinsrejoin_case_unsafe_55.vnnlib,10
onnx/dubinsrejoin.onnx,vnnlib/dubinsrejoin_case_unsafe_56.vnnlib,4
onnx/dubinsrejoin.onnx,vnnlib/dubinsrejoin_case_unsafe_57.vnnlib,5
onnx/dubinsrejoin.onnx,vnnlib/dubinsrejoin_case_unsafe_58.vnnlib,12
onnx/dubinsrejoin.onnx,vnnlib/dubinsrejoin_case_unsafe_59.vnnlib,7
onnx/dubinsrejoin.onnx,vnnlib/dubinsrejoin_case_unsafe_60.vnnlib,7
onnx/dubinsrejoin.onnx,vnnlib/dubinsrejoin_case_unsafe_61.vnnlib,6
onnx/dubinsrejoin.onnx,vnnlib/dubinsrejoin_case_unsafe_62.vnnlib,13
onnx/dubinsrejoin.onnx,vnnlib/dubinsrejoin_case_unsafe_63.vnnlib,3
onnx/dubinsrejoin.onnx,vnnlib/dubinsrejoin_case_unsafe_64.vnnlib,7
onnx/dubinsrejoin.onnx,vnnlib/dubinsrejoin_case_unsafe_65.vnnlib,1
onnx/dubinsrejoin.onnx,vnnlib/dubinsrejoin_case_unsafe_66.vnnlib,6
onnx/dubinsrejoin.onnx,vnnlib/dubinsrejoin_case_unsafe_67.vnnlib,11
onnx/dubinsrejoin.onnx,vnnlib/dubinsrejoin_case_unsafe_68.vnnlib,9
onnx/dubinsrejoin.onnx,vnnlib/dubinsrejoin_case_unsafe_69.vnnlib,9
onnx/dubinsrejoin.onnx,vnnlib/dubinsrejoin_case_unsafe_70.vnnlib,9
onnx/dubinsrejoin.onnx,vnnlib/dubinsrejoin_case_unsafe_71.vnnlib,8
onnx/dubinsrejoin.onnx,vnnlib/dubinsrejoin_case_unsafe_72.vnnlib,5
onnx/dubinsrejoin.onnx,vnnlib/dubinsrejoin_case_unsafe_73.vnnlib,8
onnx/dubinsrejoin.onnx,vnnlib/dubinsrejoin_case_unsafe_74.vnnlib,9
onnx/dubinsrejoin.onnx,vnnlib/dubinsrejoin_case_unsafe_75.vnnlib,9
onnx/dubinsrejoin.onnx,vnnlib/dubinsrejoin_case_unsafe_76.vnnlib,7
onnx/dubinsrejoin.onnx,vnnlib/dubinsrejoin_case_unsafe_77.vnnlib,4
onnx/dubinsrejoin.onnx,vnnlib/dubinsrejoin_case_unsafe_78.vnnlib,10
onnx/dubinsrejoin.onnx,vnnlib/dubinsrejoin_case_unsafe_79.vnnlib,2
onnx/dubinsrejoin.onnx,vnnlib/dubinsrejoin_case_unsafe_80.vnnlib,6
onnx/dubinsrejoin.onnx,vnnlib/dubinsrejoin_case_unsafe_81.vnnlib,1
onnx/dubinsrejoin.onnx,vnnlib/dubinsrejoin_case_unsafe_82.vnnlib,8
onnx/dubinsrejoin.onnx,vnnlib/dubinsrejoin_case_unsafe_83.vnnlib,4
onnx/dubinsrejoin.onnx,vnnlib/dubinsrejoin_case_unsafe_84.vnnlib,1
onnx/dubinsrejoin.onnx,vnnlib/dubinsrejoin_case_unsafe_85.vnnlib,10
onnx/dubinsrejoin.onnx,vnnlib/dubinsrejoin_case_unsafe_86.vnnlib,5
onnx/dubinsrejoin.onnx,vnnlib/dubinsrejoin_case_unsafe_87.vnnlib,7
onnx/dubinsrejoin.onnx,vnnlib/dubinsrejoin_case_unsafe_88.vnnlib,3
onnx/dubinsrejoin.onnx,vnnlib/dubinsrejoin_case_unsafe_89.vnnlib,4
onnx/dubinsrejoin.onnx,vnnlib/dubinsrejoin_case_unsafe_90.vnnlib,9
onnx/dubinsrejoin.onnx,vnnlib/dubinsrejoin_case_unsafe_91.vnnlib,4
onnx/dubinsrejoin.onnx,vnnlib/dubinsrejoin_case_unsafe_92.vnnlib,7
onnx/dubinsrejoin.onnx,vnnlib/dubinsrejoin_case_unsafe_93.vnnlib,6
onnx/dubinsrejoin.onnx,vnnlib/dubinsrejoin_case_unsafe_94.vnnlib,8
onnx/dubinsrejoin.onnx,vnnlib/dubinsrejoin_case_unsafe_95.vnnlib,6
